id,target
32159,678.8544598853687
32064,671.2971554545179
32065,673.4574958224299
32066,671.8986694008718
32067,671.5031570418603
32068,685.2509673537558
32069,687.7875753060011
32070,685.7003483662904
32071,683.0576669210345
32072,678.7023955548219
32073,681.7399767861904
32074,685.6238866948836
32075,684.4230075881728
32076,670.9529698810161
32077,673.8411021693043
32078,674.8126196654649
32079,675.7765575213209
32080,664.604269941673
32081,669.4971005745243
32082,671.8321062384659
32083,673.841517669907
32084,668.8839261907892
32085,672.0406485712056
32086,672.6422528713464
32087,673.5738811615536
32088,665.1237382258047
32089,668.6530379334328
32090,668.4694581290087
32091,668.9670961616725
32092,688.4291317331118
32093,720.9427207241862
32094,727.0051438869978
32095,733.3638136048787
32096,3014.5538960772305
32097,4047.4933841864627
32098,3979.064839639726
32099,3980.061324037204
32100,3997.4593553362743
32101,3947.1362100118113
32102,3946.3061643803258
32103,3912.527519833388
32104,4049.554679221096
32105,4256.93869894029
32106,4292.948775963991
32107,4218.692038889524
32108,4191.188485874462
32109,4170.503626656579
32110,4129.937322555555
32111,4080.4095286581814
32112,2093.984849563537
32113,2165.064964096306
32114,2159.0510276385776
32115,2181.628526981268
32116,3549.7771437659803
32117,4215.546099098253
32118,4192.6838925243555
32119,4094.632504089914
32120,4005.093218002531
32121,3913.2439683369703
32122,3923.443585288869
32123,3929.9906355027774
32124,3800.3984245433767
32125,3460.18536530538
32126,3465.1188898981995
32127,3375.815728971857
32128,3433.2758662092506
32129,3266.3501537210923
32130,3284.5258167084453
32131,3264.541773576409
32132,2966.1972982168327
32133,2963.95376102793
32134,2986.0700424055194
32135,2983.9095296524456
32136,1527.6022180519021
32137,1636.6672593473872
32138,1650.8547050604236
32139,1693.6003548772994
32140,2388.2877450482533
32141,2355.842838029998
32142,2368.0697817179557
32143,2328.607433959246
32144,2093.7931731723056
32145,2053.6754076047523
32146,2050.4675371674825
32147,2050.050968304055
32148,1943.033957911577
32149,1929.6489133266225
32150,1928.2936455498248
32151,1932.2645670554161
32152,1015.7138726283351
32153,705.2315584710907
32154,702.5969452904352
32155,708.9532429255565
32156,738.5236052627524
32157,700.5629150718115
32158,700.7030721199064
32255,653.0884255747403
32160,653.9808070087091
32161,663.2918943365972
32162,659.1334110442584
32163,656.770945709267
32164,660.389068758416
32165,665.1898165556568
32166,649.2545276540905
32167,645.3026468215257
32168,644.715680774248
32169,649.1403765988374
32170,649.5822957758672
32171,649.299716479846
32172,651.6595995171774
32173,655.7763906456897
32174,657.279545355922
32175,656.1136361187611
32176,670.0001868792689
32177,671.4649402277336
32178,670.627228587697
32179,667.1037538923548
32180,666.417373109776
32181,666.7758949908628
32182,665.2662611080912
32183,664.3073826430667
32184,654.1868406068781
32185,656.0140790798895
32186,656.3700857174169
32187,655.6592287806554
32188,659.714541231819
32189,673.3990349450607
32190,695.6864568590811
32191,693.9203922645046
32192,1192.9173248670425
32193,1475.9785907031014
32194,1522.007086332726
32195,1551.5322533062747
32196,1586.101210225794
32197,1619.5835368207468
32198,1607.780248649825
32199,1614.1008581045596
32200,1379.9016775324433
32201,1409.9341454953837
32202,1410.2983779323822
32203,1417.4982341234045
32204,1276.727737774903
32205,1319.4511499171738
32206,1324.4715733542191
32207,1336.7023845104363
32208,1355.330806926185
32209,1394.7392271723538
32210,1391.6232426710208
32211,1395.7785731800468
32212,1466.9958291584962
32213,1509.077570456574
32214,1515.4948543144258
32215,1511.6147632434868
32216,1588.1037064443312
32217,1585.3322199864258
32218,1580.8307371739168
32219,1582.473083604973
32220,1585.0583772208167
32221,1593.17905575483
32222,1598.914311583307
32223,1593.6967246469592
32224,1616.4770022413954
32225,1616.653100449345
32226,1625.1866672452543
32227,1636.5525782834889
32228,1558.0946451258033
32229,1630.6415405459609
32230,1622.230723479382
32231,1648.2943614180183
32232,1120.4356907539714
32233,1259.3827086048723
32234,1269.980638789249
32235,1255.6844995141917
32236,1568.5541610720388
32237,1607.9983945546064
32238,1611.0243756399136
32239,1607.756545644368
32240,1607.9655043161517
32241,1591.4648837576494
32242,1584.9059467647219
32243,1584.2102518714275
32244,1483.3380517638018
32245,1493.90213332004
32246,1477.2477600182963
32247,1440.6696679699419
32248,824.131715493545
32249,619.8413022289037
32250,618.151673249659
32251,617.3165124089228
32252,610.894140617424
32253,611.1308513199878
32254,611.0258433821114
32351,661.3001856441361
32256,664.1818026513849
32257,670.2324296574928
32258,671.4606706546684
32259,671.7941204435382
32260,663.8085526982585
32261,670.7361752237058
32262,672.3671014095044
32263,670.4826122147991
32264,664.7132952119596
32265,668.4194144234715
32266,668.8323896034283
32267,667.6369350334654
32268,666.7876175004819
32269,665.4936119745139
32270,659.6406826129625
32271,663.7106886491172
32272,663.6145767680441
32273,667.2832070025789
32274,669.2456808433666
32275,670.3405307506243
32276,666.2186566333925
32277,670.2656290927588
32278,669.980518640888
32279,674.6871000181601
32280,675.1098932312495
32281,666.3673954896168
32282,661.4355634280408
32283,658.709372089519
32284,676.537495240513
32285,672.7782897583938
32286,695.6494055732599
32287,725.8653919147661
32288,4111.1352106291915
32289,6989.584388860048
32290,7156.441501721347
32291,6871.182129868398
32292,6436.93660588082
32293,6637.664127226014
32294,6634.53212241378
32295,6538.530359100078
32296,6082.473340788536
32297,6158.509474793926
32298,6322.312107364966
32299,6286.664548312796
32300,6367.089678773229
32301,6314.489682908101
32302,6312.486019455872
32303,6258.79518650727
32304,1657.8236647494157
32305,1833.8813200794855
32306,1820.824998521001
32307,1834.6415953073977
32308,4305.270779153648
32309,6239.6461376928
32310,6308.5075578731885
32311,6354.525069301212
32312,6235.445035950228
32313,6176.192766116577
32314,6137.756976186815
32315,6135.676405903147
32316,6561.482306877818
32317,6664.049926058476
32318,6689.057353827638
32319,6597.47846745533
32320,6438.009839453977
32321,6510.653988645255
32322,6481.168817795035
32323,6479.6053470436855
32324,5696.489836311032
32325,4971.878566252729
32326,4908.568200087494
32327,4725.042372062417
32328,5113.311617419314
32329,5562.025510655492
32330,5479.9635715832255
32331,5576.2637473263
32332,5495.091608918142
32333,5493.936960027837
32334,5525.477169490371
32335,5374.481584085528
32336,4765.268840893624
32337,3991.7845780249877
32338,3959.2720368193773
32339,3932.3686109523774
32340,2491.566891123876
32341,2302.7096148807864
32342,2281.035661178675
32343,2264.7968494910815
32344,1046.8868659256648
32345,832.2213008367756
32346,828.8484256893439
32347,834.6151598778968
32348,772.4635561851044
32349,758.8362129943007
32350,752.7191601444069
32447,753.4873333289271
32352,759.452416895476
32353,751.2863026613636
32354,737.8734612217795
32355,733.0239713673919
32356,738.1464340874544
32357,727.7629179614167
32358,725.8647278604433
32359,724.6905201957743
32360,708.4642494702666
32361,710.7159779454105
32362,710.7043862362216
32363,712.2334275860838
32364,705.5192754459545
32365,703.1898010061384
32366,703.3789924124669
32367,702.8893662177776
32368,715.2687037158312
32369,724.2129459599473
32370,728.4526246135886
32371,727.3003203234178
32372,718.9408980778217
32373,723.27612712353
32374,721.158449072001
32375,719.4699565940117
32376,715.853086115976
32377,721.2484132651148
32378,720.450013884915
32379,720.1927175536581
32380,724.2590063591422
32381,761.4015840223803
32382,761.1714803531992
32383,758.3611443058433
32384,4200.524855570565
32385,7006.901281811263
32386,7131.621113261643
32387,6720.153445439945
32388,6017.29181818291
32389,5967.91923834502
32390,5932.1083193537215
32391,5803.5803278592175
32392,6315.160445597443
32393,6726.511184680691
32394,6810.510996460996
32395,6963.290584322445
32396,7182.742166337117
32397,7045.903199713271
32398,7028.216669708975
32399,6959.809290030467
32400,1798.115455681396
32401,1870.9416335688538
32402,1846.8755469915322
32403,1862.2192687042243
32404,4368.806277672317
32405,6014.50356145229
32406,6217.402751501249
32407,6293.687752097056
32408,5828.44537958388
32409,5778.580031191099
32410,5687.839221927608
32411,5700.116471952962
32412,5757.149755050675
32413,5839.211898528915
32414,6002.5032031456185
32415,5913.007157290033
32416,5694.758077325967
32417,5679.8486342008655
32418,5710.421631588635
32419,5716.527206872474
32420,5432.47892589384
32421,4438.205721163961
32422,4546.746742497031
32423,4523.946406208333
32424,4752.930978150153
32425,5284.215417972449
32426,5171.273665858781
32427,5193.459961466631
32428,5299.12771657121
32429,5400.463313736238
32430,5343.46852814753
32431,5294.369511000433
32432,4979.919721084766
32433,4266.413395054036
32434,4255.349845453156
32435,4252.164297602574
32436,2317.386730018804
32437,2147.0615211003287
32438,2090.938875615651
32439,2083.946550928313
32440,1135.5155701154906
32441,867.641531549579
32442,857.7515700088574
32443,842.869929287665
32444,783.3361858170086
32445,752.5917733367378
32446,746.9861399355282
32543,750.0867052854453
32448,714.5373681013454
32449,712.4476969028196
32450,710.3521548347327
32451,708.7484336832459
32452,721.6204557009853
32453,721.2139829754786
32454,717.0371132318878
32455,713.1682658065827
32456,710.1030590907868
32457,713.3153388534741
32458,709.317353346562
32459,706.1742797015265
32460,700.7410396097375
32461,704.9448970894317
32462,709.4613578697684
32463,712.6143641478301
32464,709.6589379289627
32465,717.1697306896466
32466,720.9328116616945
32467,725.5035077159829
32468,724.2740632233616
32469,725.1256164043598
32470,726.0532428936783
32471,722.6662832985464
32472,723.0719250363686
32473,728.9526681778515
32474,728.3785975384935
32475,726.0364764839635
32476,725.9017865739872
32477,745.6494881375902
32478,756.4933265266646
32479,762.6033043774833
32480,4773.9883309516645
32481,7911.1541820664925
32482,8141.293941854299
32483,7646.891470436095
32484,6622.8847071961645
32485,6568.124152829437
32486,6467.887840997413
32487,6365.6561477820405
32488,5909.393445037736
32489,5883.693675977641
32490,5966.651411671071
32491,6067.223817758912
32492,6007.896780373113
32493,5948.849370125516
32494,5877.909545039361
32495,5760.9356818200295
32496,1724.1294349594593
32497,1855.431326245977
32498,1835.4853246590696
32499,1848.0941980058765
32500,4086.9859582114905
32501,5648.922082697806
32502,5609.095333732523
32503,5632.864942616252
32504,5313.908454317805
32505,5386.863930573719
32506,5384.273647735318
32507,5370.691781304178
32508,5616.883269066023
32509,5619.204705701194
32510,5589.670642906072
32511,5499.465473839648
32512,5441.347394848931
32513,5447.125682009064
32514,5432.84684335719
32515,5517.807609013014
32516,5102.694250817196
32517,4063.3936762931257
32518,4084.5969761982305
32519,4141.294829187203
32520,4064.6013713502157
32521,4728.658284076219
32522,4636.0623450043295
32523,4614.177801897826
32524,4634.44135287735
32525,4755.805510849171
32526,4634.075667922687
32527,4682.01072484915
32528,4573.360492770031
32529,4178.661361744743
32530,4237.6198711304
32531,4285.620343818496
32532,2427.3707910636776
32533,2292.306596231331
32534,2238.4190360233806
32535,2219.9418889335284
32536,1047.8788108225526
32537,816.2996630647273
32538,782.7066582090986
32539,777.0596248484452
32540,775.5806525481765
32541,729.75403845927
32542,721.0965447919864
32639,718.0694792255946
32544,694.0108095056697
32545,698.0332107797616
32546,694.003820016679
32547,694.6841401306019
32548,692.5645456422269
32549,695.8829656114366
32550,698.7861589851121
32551,695.8224417084807
32552,684.1725300573254
32553,690.8615641056904
32554,690.9460711753962
32555,697.056613130658
32556,692.9001682555253
32557,694.297010469817
32558,704.3225414167048
32559,711.5337995058551
32560,703.5742996998014
32561,713.126221437696
32562,721.8401904430655
32563,727.6934217029583
32564,719.9691950134242
32565,725.3520614217392
32566,725.6968656154544
32567,727.3799574241546
32568,740.8365668943217
32569,745.1687790689494
32570,746.3221303385722
32571,745.6549545179884
32572,728.0488932004871
32573,767.8175380475035
32574,768.3130270495288
32575,767.0034558504593
32576,4432.519775601074
32577,7118.672028095026
32578,7376.315196574686
32579,6991.9960311551295
32580,6613.146383147749
32581,6724.1463246669655
32582,6677.313528775889
32583,6437.387486193813
32584,5838.3714782504985
32585,6014.7665179830665
32586,6084.376054414744
32587,6065.615539403623
32588,6376.942588347321
32589,6431.988488361887
32590,6357.657679740375
32591,6340.863460959928
32592,1707.9903768200488
32593,1827.2013043918512
32594,1818.8833669513092
32595,1820.9807646388583
32596,4041.8482191388953
32597,5631.479406958577
32598,5728.721339906728
32599,5798.361118843046
32600,5651.213633503976
32601,5683.152582363668
32602,5737.084707019314
32603,5750.044085278793
32604,5724.377167666437
32605,5652.234450589268
32606,5682.204953991709
32607,5608.800986526271
32608,5689.38940619424
32609,5789.301444015317
32610,5797.514891207973
32611,5819.815357401619
32612,5484.033273215189
32613,4759.515195342057
32614,4694.526482503965
32615,4636.695319009185
32616,4892.508471203713
32617,5601.594148217892
32618,5349.080871767744
32619,5312.5335622188495
32620,5450.142623348101
32621,5612.445821176779
32622,5589.949473902007
32623,5650.269352556894
32624,5137.934971663138
32625,4680.15509761959
32626,4605.67375400241
32627,4558.586209712194
32628,1821.2159344605416
32629,1896.873495220006
32630,1866.522388231226
32631,1848.6618595000452
32632,1062.8188852200497
32633,808.0099366188157
32634,802.0310170215502
32635,796.7185639574575
32636,768.4602413061928
32637,758.6484215689735
32638,746.6652179782003
32735,718.4729895294521
32640,706.2607961038964
32641,703.0838021050668
32642,702.8810908978555
32643,702.7066049309316
32644,710.9471663430504
32645,709.9538225060386
32646,700.9953624022684
32647,689.686963693209
32648,689.5799833663574
32649,697.0682238441518
32650,697.521233576023
32651,694.7908805046175
32652,702.4511428562558
32653,706.4599396791172
32654,706.4778114705852
32655,709.568202515244
32656,713.0769398805174
32657,718.0017467206286
32658,720.3438307931245
32659,722.521876304845
32660,718.6463877680553
32661,724.3323962268211
32662,723.2659670361995
32663,723.3496288285456
32664,714.6248422854453
32665,718.0567426141471
32666,719.2049164033123
32667,719.2242785383088
32668,716.1387455760484
32669,756.0915786371345
32670,754.6458758999198
32671,754.4908937345699
32672,4787.554749775031
32673,7679.307143027175
32674,8138.864306238543
32675,7692.168675390533
32676,7031.466401011088
32677,7168.070791401942
32678,6941.538735370006
32679,6699.695401836802
32680,6498.443084568211
32681,6565.864611948189
32682,6670.4326703761635
32683,6606.525295559786
32684,6477.304504956404
32685,6330.376235563393
32686,6346.592701804432
32687,6273.598873784072
32688,1781.874967956992
32689,1836.0053538818106
32690,1820.5160818661313
32691,1830.8780328027638
32692,4305.627192104775
32693,6086.189217163358
32694,6214.289470024219
32695,6362.033583078085
32696,6332.552076543076
32697,6390.040747516937
32698,6376.55475755723
32699,6340.020096207949
32700,5989.6378400419335
32701,6101.8620551349195
32702,6249.712665649024
32703,6126.322820296068
32704,6720.572407823057
32705,6822.0322481841995
32706,6805.312937286269
32707,6735.450398808376
32708,5452.140225294089
32709,4697.728226057551
32710,4844.311627950544
32711,4660.871047942994
32712,5118.005026522593
32713,5441.100709421382
32714,5312.775851776143
32715,5427.450912081295
32716,5707.6312494912745
32717,5944.155545441639
32718,5954.67404578477
32719,6064.322250898697
32720,5832.114551629332
32721,5281.995970639822
32722,5253.1887427135
32723,5086.476656328583
32724,1912.7371479278563
32725,1964.5186016157797
32726,1934.433383396931
32727,1909.7576139495986
32728,1044.5964563465814
32729,800.8470153074916
32730,796.9816161513481
32731,793.921239296741
32732,777.9773778365916
32733,762.2585765601864
32734,759.6591325331271
32831,721.406424315778
32736,716.5064557515212
32737,711.3025872707501
32738,709.6455058148072
32739,709.9230008208672
32740,709.7193535608075
32741,705.3602133563224
32742,701.6428210213624
32743,688.7950642170169
32744,694.9878763983154
32745,695.2681485024314
32746,696.0745922183966
32747,695.3480586890192
32748,720.008780750953
32749,719.5535092011022
32750,718.7757045165962
32751,713.0353366444448
32752,697.6368481621942
32753,706.8521762298294
32754,709.8542518870531
32755,710.842969546788
32756,706.3081105506299
32757,711.5015565333077
32758,712.6059082154752
32759,714.2645574232059
32760,712.5578835695482
32761,714.0676410491958
32762,712.2264285627522
32763,711.9014028465339
32764,721.6781286082552
32765,757.4648696811926
32766,756.4082133548964
32767,756.1512851450997
32768,3373.07680775497
32769,4971.469207562492
32770,4987.773699899232
32771,5105.203090269659
32772,4645.115631914162
32773,4264.410329468812
32774,4229.907510329997
32775,4147.309039310831
32776,4362.56910897883
32777,4590.340229005654
32778,4566.014041573147
32779,4566.51982013607
32780,4312.518200836064
32781,4352.8077231266225
32782,4313.284461881976
32783,4262.410442932919
32784,1541.2776596253368
32785,1722.4351866094448
32786,1720.2686218069648
32787,1729.1506504841502
32788,3216.447016742871
32789,4269.835656610494
32790,4255.004608873346
32791,4232.031208164626
32792,4320.342107134189
32793,4508.628340504137
32794,4501.136558098698
32795,4499.364878751432
32796,4479.714849865252
32797,4249.329746962002
32798,4218.502882742261
32799,4096.205875137842
32800,3782.082467141205
32801,3275.1214477318936
32802,3205.627983443926
32803,3225.8415517990816
32804,2112.9524900460365
32805,2116.8060362723645
32806,2096.788922628641
32807,2056.629509642376
32808,1268.0399849506534
32809,1416.3708186269496
32810,1592.1257487742273
32811,1620.7692398702982
32812,2169.4270604360004
32813,2149.721167584692
32814,2139.226806450337
32815,2129.5065924853616
32816,1873.9861522452943
32817,1792.8330110808113
32818,1793.4462014613543
32819,1797.3715009854461
32820,1828.5034215410703
32821,1853.3964375322287
32822,1849.3492063107503
32823,1842.7207878285424
32824,934.1466156637721
32825,693.7683174194686
32826,691.9735667757883
32827,691.8354112546238
32828,663.8552469598393
32829,659.6222583990822
32830,659.0146210978578
32927,624.010432717128
32832,635.478973411667
32833,639.1104117395797
32834,637.4328918791323
32835,635.503423789396
32836,636.6618356776796
32837,637.4863082287749
32838,637.6069783224327
32839,633.6876113830393
32840,624.9422493374374
32841,634.9602492258742
32842,634.831160572114
32843,633.7169246986554
32844,630.93076604924
32845,633.7666419503132
32846,634.9708941232269
32847,636.2603346796905
32848,638.7853460263938
32849,639.4520725810222
32850,636.6899674313278
32851,637.8619230237008
32852,639.0987080862977
32853,643.4887628853985
32854,643.6026282817652
32855,645.1394709710553
32856,640.367403071649
32857,641.2936479110388
32858,638.2852823759987
32859,641.307218047045
32860,641.3946934120855
32861,655.9476876229149
32862,653.8816009757879
32863,657.8186766567909
32864,789.4412302857793
32865,881.7704020088499
32866,1041.3184852333861
32867,1047.8855405164925
32868,1502.9027678513944
32869,1526.9085135171388
32870,1528.2210273588444
32871,1507.605279264913
32872,1390.4363893669754
32873,1405.237820507415
32874,1410.9702967329035
32875,1413.725637076187
32876,1217.7131465744296
32877,1262.2593125069534
32878,1251.370392702565
32879,1238.5633460886445
32880,1352.6978400708228
32881,1383.3983126193289
32882,1398.511280047342
32883,1400.9254510093642
32884,1476.0182705167158
32885,1502.6299097034225
32886,1487.564756313675
32887,1475.369429238355
32888,1471.016690245683
32889,1472.8049586527343
32890,1448.4697669975683
32891,1437.299316665862
32892,1420.8781962473204
32893,1431.594464267319
32894,1456.8116530484929
32895,1458.6179807877604
32896,1533.8972134218295
32897,1559.0461946671135
32898,1574.3799979423834
32899,1572.143374430306
32900,1404.8576519884214
32901,1491.4888658580082
32902,1501.085590348988
32903,1521.465088026568
32904,964.5669121314602
32905,1127.5305697933231
32906,1138.3050120323394
32907,1141.6097906258096
32908,1616.1770268590415
32909,1625.0979363998756
32910,1629.291696844015
32911,1618.2701068297913
32912,1646.9374219873396
32913,1659.86615338904
32914,1654.7112193409466
32915,1650.40755822336
32916,1455.652596389261
32917,1485.6171904065445
32918,1486.4355412654554
32919,1493.848370552591
32920,866.7499893392087
32921,626.9125525936316
32922,627.7192322876099
32923,627.4180119494008
32924,604.9074614143009
32925,601.3859415923308
32926,598.0229428676694
33023,664.0105606026185
32928,652.2008692338582
32929,660.7265826167212
32930,665.0335948205386
32931,662.0021976892508
32932,670.7861666248854
32933,660.8105179339477
32934,660.4251733713701
32935,661.4607305839002
32936,674.7250518422779
32937,676.2123062425976
32938,673.2811185822725
32939,676.916124791937
32940,670.5289759025636
32941,672.0450835923943
32942,670.587067201362
32943,673.1662862179903
32944,671.6290201727602
32945,674.0628996893587
32946,674.0780564930221
32947,674.0830222277675
32948,669.9411809079727
32949,675.3280434689902
32950,674.1897592612132
32951,672.0738806313935
32952,664.3588884941739
32953,669.4078842864596
32954,671.4423139482188
32955,673.4406913738528
32956,695.5656338565068
32957,701.1988950736325
32958,693.3332005546366
32959,690.9266058850312
32960,3297.993475039111
32961,6031.689192876012
32962,6209.926626309291
32963,6128.554607870046
32964,6077.281309855736
32965,6239.9185923766845
32966,6273.627575445502
32967,6294.7232042086935
32968,6052.613609958207
32969,6166.34615650856
32970,6233.95088638932
32971,6233.031427758816
32972,6296.738596822489
32973,6213.696501214615
32974,6087.41283021647
32975,6159.67370542987
32976,1579.5440957094552
32977,1746.9009974949252
32978,1734.9069648602522
32979,1740.2291697187343
32980,4242.89679726008
32981,6012.396974782982
32982,6083.030838279801
32983,6177.471381518333
32984,6075.51180806986
32985,5973.527728847962
32986,5899.958081522965
32987,5867.115680092966
32988,6521.314482794069
32989,6693.108394386931
32990,6765.851808405048
32991,6672.305252217251
32992,7154.517880402391
32993,7242.311875822593
32994,7233.6037800727345
32995,7172.555407514917
32996,6126.949858055706
32997,5463.776302124388
32998,5506.721623040615
32999,5513.583102808921
33000,5173.434132593855
33001,5410.929113075961
33002,5299.625428743168
33003,5387.645575390542
33004,4325.967060941423
33005,4351.29319848557
33006,4651.167533399892
33007,4570.526974439667
33008,3974.1366074025495
33009,3415.243696940699
33010,3398.0653699380623
33011,3329.468583467022
33012,2071.9527125340787
33013,1979.8364192576973
33014,1958.087900133564
33015,1917.6439112113742
33016,1069.5299024628714
33017,789.7285377362468
33018,780.4051763702254
33019,740.1705568173534
33020,742.2423589732805
33021,702.0620875147579
33022,695.0020317586376
33119,675.6759845873152
33024,717.4574886373999
33025,696.2256259294365
33026,696.4679836941489
33027,695.9916217077158
33028,702.2372202827647
33029,700.4016727971446
33030,697.2750676634798
33031,695.05736291399
33032,687.8008062933121
33033,688.9812893068706
33034,685.857997661527
33035,689.1491463774789
33036,687.9519978200307
33037,692.0626556238841
33038,697.4205530865925
33039,698.567298957849
33040,687.3764280753214
33041,688.7785892139759
33042,687.6290409594664
33043,692.2199351178651
33044,699.2880674116512
33045,703.0573462938022
33046,703.5381815876235
33047,713.7799342949974
33048,701.4935362598691
33049,704.0091639485939
33050,706.0040679981258
33051,707.2718966727975
33052,689.5763564267013
33053,730.8780545114727
33054,730.6595903327334
33055,729.4023054005052
33056,4578.327128364409
33057,7629.451206165904
33058,7884.159240774012
33059,7424.6984714567325
33060,7098.819106071682
33061,7009.832393810444
33062,6742.334770512229
33063,6686.350342705793
33064,6659.20016324371
33065,7042.630058596457
33066,7224.8354276754135
33067,7221.183080438537
33068,7160.790598067372
33069,7052.50785574535
33070,7173.437201180534
33071,7093.542298997919
33072,2041.5343887785268
33073,2091.426502299474
33074,2066.1007001612134
33075,2060.0240212335666
33076,4799.854078360428
33077,6276.61419634287
33078,6169.9630710864285
33079,6202.074605979156
33080,5422.225800065949
33081,5158.897057606577
33082,5148.967629832284
33083,5148.219697122398
33084,5443.110806497533
33085,5710.342223843368
33086,5802.971823434242
33087,5724.767488357721
33088,6479.038889195141
33089,6597.2811823084085
33090,6596.155916270012
33091,6567.572195447725
33092,5436.902430778137
33093,4549.931187998266
33094,4633.2771442541225
33095,4602.271859074211
33096,5111.789253050954
33097,5556.996603657306
33098,5300.489026313027
33099,5373.515533877041
33100,4460.3314317859595
33101,4705.086273130553
33102,4752.559570649918
33103,4768.579366176548
33104,4468.615809159858
33105,4059.45061809414
33106,4148.004291269178
33107,4160.6872717621
33108,2338.5443828519647
33109,2232.344692628763
33110,2208.954890540185
33111,2163.4824852145184
33112,1067.6138249121896
33113,846.2771371585376
33114,839.0649448046851
33115,839.0453136522458
33116,777.8113156416996
33117,750.6506936960167
33118,744.3837556361889
33215,764.7185827581062
33120,710.2825040703507
33121,708.1063785287382
33122,710.2434406441095
33123,706.7559267257445
33124,748.0681061600967
33125,732.8266619556294
33126,730.3667364021316
33127,727.2369945653796
33128,729.595654743683
33129,731.9840183585603
33130,726.9860261171309
33131,718.9819374609433
33132,724.510833376925
33133,726.0036084377736
33134,717.8300710659869
33135,714.980857690535
33136,705.2888819773156
33137,715.1063196719737
33138,715.3511448723159
33139,721.2130657510392
33140,733.7608518272428
33141,738.0592874025232
33142,738.0914751408375
33143,730.7927065307659
33144,715.9866703870858
33145,715.499611650402
33146,717.1107022443771
33147,717.533081321882
33148,716.4718786442448
33149,751.0201272381483
33150,751.955247037679
33151,752.4957156519101
33152,4662.173581806717
33153,7364.946321560013
33154,7470.947766894934
33155,6943.591854803043
33156,6080.300700628916
33157,5946.829460600063
33158,5910.244435000718
33159,5697.814454038996
33160,5374.258706174248
33161,5440.4249771200175
33162,5541.361361677096
33163,5642.842953000032
33164,5538.191157046427
33165,5510.164570512323
33166,5481.486518117195
33167,5599.604431835749
33168,1699.7735203669895
33169,1833.6107304330437
33170,1813.9702469116914
33171,1814.7824166573405
33172,3924.2337384508214
33173,5453.015203564712
33174,5550.02698349581
33175,5576.471200341806
33176,6122.563630542703
33177,6392.010468941825
33178,6364.863870415363
33179,6379.242502824541
33180,6276.970056478074
33181,6335.866859248924
33182,6450.776114274776
33183,6381.9713927410485
33184,6703.410105449037
33185,6948.823439557899
33186,6869.369199597158
33187,6788.143081727469
33188,5660.598565182713
33189,4602.063769648515
33190,4559.163121170983
33191,4541.0805424646405
33192,4632.86697964591
33193,5184.565728083709
33194,5023.920421198357
33195,4988.690890496745
33196,4533.351580936232
33197,4659.726573081325
33198,4613.903459798651
33199,4302.898811586001
33200,4482.871603425906
33201,4065.586844503924
33202,3997.1908974703288
33203,3864.5419221469615
33204,1907.2336623359956
33205,1953.7368498438966
33206,1907.985611417166
33207,1890.3763685793213
33208,1036.9978793636667
33209,738.6576869608843
33210,732.8223862295206
33211,741.7215332743982
33212,768.9401150249438
33213,775.7643937509663
33214,775.1865189113774
33311,878.5197153847643
33216,768.4110426802104
33217,721.5903421383132
33218,722.303019317937
33219,718.7893674558169
33220,743.0779585384159
33221,728.0814573484521
33222,727.9430107994045
33223,726.7159102664896
33224,711.5353701914571
33225,697.7478998501107
33226,695.425352051504
33227,695.0728157103451
33228,707.6067519978382
33229,713.9610134329465
33230,712.8800291323694
33231,708.662729176736
33232,694.2953957610762
33233,698.6749495392797
33234,692.993402015616
33235,689.020442227213
33236,688.7071355593163
33237,692.3382235420979
33238,692.156575765137
33239,697.3491666338199
33240,698.6296822588345
33241,709.7492264978797
33242,710.330591871065
33243,712.8069140764591
33244,702.210288270898
33245,730.1981032463635
33246,726.6190660178829
33247,729.1043361067456
33248,5359.994817000037
33249,8141.293941854299
33250,8141.293941854299
33251,8122.596585862765
33252,7907.841280956224
33253,7770.695575752377
33254,7786.248735589376
33255,7673.388157792122
33256,6848.181868279924
33257,6854.926199855538
33258,6841.637313520277
33259,6720.381834701543
33260,6782.176392094552
33261,6755.136960763968
33262,6817.235454472298
33263,6812.932592346977
33264,2261.9143759150643
33265,2219.1234387545355
33266,2185.6750964435128
33267,2186.0211133665266
33268,4255.589614391624
33269,5628.13294815117
33270,5587.50918910594
33271,5577.229948576194
33272,5411.128714203026
33273,5253.301845514925
33274,5220.264854407594
33275,5207.235034799946
33276,5140.907009885812
33277,5191.197226413201
33278,5152.998307716378
33279,5023.071873179645
33280,5005.583440124829
33281,4994.609729584748
33282,5018.503441596475
33283,5024.557705429991
33284,4971.442337790643
33285,4144.784143837133
33286,4194.6297103792085
33287,4328.377899331674
33288,4558.091424441663
33289,4711.4371607820385
33290,4578.221342379438
33291,4621.480809691955
33292,4220.231708816566
33293,4207.0564954452375
33294,4199.763370209974
33295,4186.907746014868
33296,4273.979146493705
33297,4107.373530550867
33298,4147.942103311146
33299,4236.817775242166
33300,2609.8531794245027
33301,2394.0072677963103
33302,2319.092314873886
33303,2270.3781824706516
33304,1230.1515233475054
33305,941.962814218961
33306,933.6103689748986
33307,918.3644106670661
33308,872.1324911605776
33309,885.9368760642973
33310,899.7700218519384
33407,766.4631438745599
33312,810.9284437620591
33313,818.9588062681901
33314,808.6077664269919
33315,799.2633726565083
33316,789.6568558155778
33317,756.1856421106701
33318,759.3050050991037
33319,757.915499262267
33320,752.4199630162511
33321,731.6604862107785
33322,726.9995089726413
33323,726.5885085643899
33324,718.9566023189346
33325,724.129500980065
33326,727.9839259608906
33327,724.5204095335545
33328,705.5042262878438
33329,707.8561491673979
33330,703.5051332788943
33331,696.8100809559063
33332,696.8858149116209
33333,704.6132291741244
33334,709.0062956225175
33335,716.2062336421087
33336,715.972902372106
33337,729.0513316331674
33338,733.6836724769214
33339,745.800916655553
33340,725.2536467732565
33341,765.4312878454698
33342,762.9467117647254
33343,761.5435239664845
33344,4976.7847681901885
33345,8141.293941854299
33346,8141.118259621161
33347,7837.980906101017
33348,6912.168620715672
33349,6632.07208147046
33350,6420.467997477479
33351,6379.5752022304905
33352,5884.789327710669
33353,6038.031744695252
33354,6190.98987762549
33355,6307.188369531795
33356,6288.123205493961
33357,6401.644140907035
33358,6279.573910129582
33359,6262.236451306297
33360,1780.1076971424095
33361,1783.421644598695
33362,1773.3116677336532
33363,1772.8250510369949
33364,3855.839390322069
33365,5118.889589994118
33366,5205.257981772242
33367,5207.574506509422
33368,5498.846753204851
33369,5541.686456600134
33370,5560.997064812388
33371,5564.211742045906
33372,5288.960415626358
33373,5418.355926148447
33374,5481.896836040479
33375,5382.752272654814
33376,5303.601307510206
33377,5300.771811294867
33378,5273.308546414169
33379,5312.122572099057
33380,4880.359835466049
33381,4022.015752291044
33382,3978.75702633855
33383,4020.8721494304955
33384,3628.233937625684
33385,3776.7499011477753
33386,3738.2434803355786
33387,3751.2596623428976
33388,3934.2966164548366
33389,3916.718207915703
33390,3878.098071581374
33391,3844.3249936874927
33392,3598.005928438456
33393,3240.8092451077355
33394,3180.6119761177083
33395,3143.034391214174
33396,1851.2632482175836
33397,1845.1229362419792
33398,1830.3561058179744
33399,1797.2917650066113
33400,993.9957389005674
33401,737.3950493542288
33402,734.4917738297808
33403,735.6639436856625
33404,689.7116144905921
33405,686.2862478386522
33406,683.0227298693588
33503,665.1980843578706
33408,710.8378751217729
33409,690.6284337103347
33410,689.7036498557276
33411,686.3822564629253
33412,687.0109760821238
33413,685.3380000190836
33414,685.1269080865193
33415,684.3715796397368
33416,684.9743972049181
33417,685.2251792351032
33418,687.3626443522106
33419,696.2477966336695
33420,690.1701215842638
33421,694.5072235026201
33422,695.8729586812159
33423,696.6433729410012
33424,703.4992328969796
33425,705.820088829631
33426,705.4208365587155
33427,706.1203683821753
33428,700.4621467942818
33429,704.4728827600752
33430,702.4117753345683
33431,702.2505641626637
33432,707.1340551606512
33433,711.56122751818
33434,712.0221206979187
33435,711.7459784009416
33436,690.9927063984899
33437,725.2975291406998
33438,726.1659895483866
33439,726.0881126963302
33440,1510.0981665721793
33441,2044.4286395446302
33442,2143.635179822397
33443,2533.606777163519
33444,1739.5248236236969
33445,1627.2514480180619
33446,1634.7189209512271
33447,1644.9728223740942
33448,1604.312117744691
33449,1619.7534141081921
33450,1625.6206438267502
33451,1619.0264004618125
33452,1324.0388527161685
33453,1361.3971205987793
33454,1359.0431219373422
33455,1359.7722031786654
33456,1475.4934731393207
33457,1598.8350595579575
33458,1596.037566356127
33459,1600.4345933792433
33460,1597.0958735407798
33461,1666.8793970084619
33462,1656.7427708886244
33463,1662.411030087777
33464,1640.2644707491415
33465,1659.484716792584
33466,1660.2237432189086
33467,1626.2764354290828
33468,1691.8012667627793
33469,1707.0345817961777
33470,1709.285005817238
33471,1700.0928953757987
33472,1659.485364131825
33473,1626.8284128880307
33474,1627.0034515688344
33475,1662.8056426947335
33476,1727.0896419537712
33477,1733.0722906722638
33478,1731.8416171651584
33479,1741.2024668534518
33480,1172.620919588843
33481,1370.949713934221
33482,1345.556682314872
33483,1331.929497798433
33484,1662.6332484826132
33485,1638.5242603737515
33486,1621.4358293815528
33487,1616.1636000082617
33488,1593.0317639887237
33489,1569.6636615190703
33490,1567.4348900920336
33491,1565.7577655964637
33492,1452.4741229674437
33493,1490.831680103687
33494,1481.9535559706283
33495,1489.5283897236282
33496,855.3491594534337
33497,639.605610753904
33498,636.9037036827294
33499,636.6579124005834
33500,613.0192160789157
33501,612.6536682561747
33502,606.949569187241
33599,642.2044311676786
33504,646.3610389311275
33505,655.1452429599182
33506,654.8001468659718
33507,653.845116914249
33508,670.045575151056
33509,672.0539810973316
33510,670.2146271249902
33511,673.2697045683349
33512,668.1496292081376
33513,673.268080858197
33514,673.0907641873081
33515,673.4738004233999
33516,670.2595053391708
33517,674.113339454447
33518,676.2512032183182
33519,675.9409695283334
33520,672.8167209503958
33521,674.8031733545118
33522,679.5689532042588
33523,680.0440054781691
33524,682.9252998389562
33525,686.1996467080181
33526,685.9810579979919
33527,685.100528699861
33528,677.4070245593678
33529,682.0651618510756
33530,682.4542150415825
33531,684.3876211359429
33532,686.7666994970708
33533,714.6987176232586
33534,714.9686100355871
33535,713.8123060695792
33536,3008.9460951682395
33537,3882.481634831906
33538,3912.8857764305126
33539,3703.9213886531
33540,4187.27916471803
33541,4505.788632526026
33542,4437.890628262223
33543,4451.0710181770955
33544,4334.291942719983
33545,4329.366624978869
33546,4265.41553618134
33547,4349.47620913765
33548,4269.072553249038
33549,4117.329065625346
33550,4112.38082468419
33551,4006.2037568140054
33552,1445.6695471669123
33553,1591.0828440210707
33554,1578.5608273867554
33555,1595.2457605232325
33556,3357.4234056329387
33557,4077.335326590328
33558,4090.585593454388
33559,4044.563325387545
33560,3861.9780889973044
33561,3839.8107891851455
33562,3847.84282949235
33563,3842.0524307724886
33564,3743.2870615440565
33565,3725.08394924228
33566,3720.609595053489
33567,3674.0874357149964
33568,3594.715339404031
33569,3377.7273524495436
33570,3312.3707818598327
33571,3308.975515015032
33572,2452.1915468693633
33573,2350.383959784885
33574,2331.965265141315
33575,2319.238384796494
33576,1759.0215401282826
33577,2004.8005576216017
33578,2081.140475300899
33579,2105.499098054026
33580,2526.8948766595263
33581,2575.5680731967227
33582,2562.0794441555545
33583,2553.9371948541993
33584,2373.0995279601643
33585,2212.9441226405843
33586,2207.2418449819093
33587,2197.2082053345484
33588,1627.7272105532898
33589,1670.5593714496663
33590,1664.3004663299005
33591,1657.9755712445824
33592,1012.4428883199892
33593,696.9860971630401
33594,690.4779754898228
33595,686.9594780470559
33596,657.8359902251517
33597,657.6087690005875
33598,654.8686954206163
33695,643.6205380969429
33600,661.3294091389314
33601,685.424685804994
33602,686.1411572060033
33603,686.251509308939
33604,701.6028895848679
33605,691.5276663336089
33606,689.0227147225332
33607,688.8534765106302
33608,680.8150419217159
33609,683.40324243499
33610,680.4600766482523
33611,674.2490467405426
33612,673.5423626661005
33613,675.7952158736574
33614,677.8442893296877
33615,678.6096447840888
33616,676.3722656992061
33617,681.3251502512176
33618,679.9681321659959
33619,678.6743762059125
33620,686.3589494403436
33621,685.2124801412167
33622,684.8276284205195
33623,683.6105218776554
33624,678.5127460579754
33625,681.3001837832167
33626,678.7485217042189
33627,679.2184407246885
33628,658.4212225122739
33629,691.9340987519928
33630,695.7538019340626
33631,705.5923823631231
33632,4214.742889095852
33633,7587.520090852704
33634,7864.001667543153
33635,7396.376707142659
33636,7115.780840538609
33637,6858.864954652664
33638,6741.806751284946
33639,6688.197157350853
33640,6486.4075186715945
33641,6582.833906514713
33642,6719.876733372078
33643,6627.585803473895
33644,6908.765272603833
33645,6872.657489417791
33646,6920.008524917273
33647,6822.687818591683
33648,1837.3178445176572
33649,1921.8213704669513
33650,1886.1056105246496
33651,1887.7139858136525
33652,4757.436404537209
33653,6539.679642409434
33654,6625.683365634918
33655,6581.82240138151
33656,6809.047530061575
33657,6848.755197682912
33658,6730.403868968957
33659,6736.5811234349285
33660,6592.311953241151
33661,6798.905408359825
33662,6886.7030631987855
33663,6795.058480648575
33664,6270.769771299141
33665,6206.3144040743855
33666,6189.218475791821
33667,6284.678178871836
33668,5768.653815136059
33669,4801.560846102391
33670,4564.633469594367
33671,4482.182289372954
33672,4841.8693492600205
33673,5439.556005689372
33674,5087.472140297354
33675,5371.265750021352
33676,5239.093039518136
33677,5303.09787240967
33678,5278.955829784725
33679,5197.186207981022
33680,4359.2244489411305
33681,3743.3742816044787
33682,3784.3823015068756
33683,3928.38479642852
33684,1952.5483429291887
33685,1899.6342949751147
33686,1873.8631733291015
33687,1861.2721520320606
33688,1030.1587581664392
33689,765.0996953642403
33690,733.369255801925
33691,735.4008612616584
33692,698.2015640534395
33693,687.4487163767055
33694,679.1300852849515
33791,681.2409076361154
33696,713.8965741500681
33697,691.6144728433178
33698,689.1090630255557
33699,688.9833106088367
33700,707.5024397931753
33701,709.419783657592
33702,710.552548476519
33703,706.1592069119088
33704,698.7557684990296
33705,700.8285734503927
33706,705.2682660603698
33707,708.7542654576873
33708,710.906361572754
33709,717.2606262817775
33710,718.4796309910741
33711,719.2251012912874
33712,721.3617263928886
33713,729.0331604956604
33714,730.8268571246572
33715,734.8089236624505
33716,728.6550826557775
33717,727.5570248935193
33718,727.501814702882
33719,726.9855912513872
33720,702.734880768529
33721,706.6226126523976
33722,705.943259127145
33723,707.0220466312753
33724,697.354692141062
33725,729.8068326211443
33726,734.9165756188385
33727,741.4103960248248
33728,4677.280185630719
33729,8141.293941854299
33730,8141.293941854299
33731,7787.2629929239365
33732,6810.051247616545
33733,6849.29403687232
33734,6883.0480168687845
33735,6822.735829386622
33736,5780.394338298569
33737,5713.500388670354
33738,5823.267817884636
33739,5988.639268998072
33740,5779.2584791722475
33741,5685.774595902531
33742,5608.4471549882
33743,5593.08224496797
33744,1905.9790355573034
33745,2036.010655516299
33746,2014.0238295013332
33747,1998.836590806594
33748,4064.112411035373
33749,5284.620431351023
33750,5361.4659501015985
33751,5415.582834639275
33752,5392.680440588773
33753,5392.147103795185
33754,5426.302781284725
33755,5490.09872665002
33756,5200.270519381586
33757,5328.872870311077
33758,5347.5602037489925
33759,5255.299127453227
33760,5215.134685473523
33761,5184.110963624718
33762,5167.947296980046
33763,5166.684727135612
33764,4515.077160690812
33765,3769.8920492653483
33766,3534.034880403073
33767,3573.184169011107
33768,3278.914899392406
33769,3658.3027225154706
33770,3782.45035186602
33771,3802.2868240561097
33772,3833.367621647186
33773,3803.8897141450225
33774,3811.8322051144833
33775,3777.5159982513596
33776,3643.602023056412
33777,3317.628683906023
33778,3203.4203601496274
33779,3171.63902944873
33780,2064.370577672233
33781,2027.4138184505186
33782,2002.8839161354383
33783,1976.959057831377
33784,932.0452439160442
33785,773.8156865987092
33786,772.9032116102055
33787,768.0098863305525
33788,731.7058254326
33789,739.0008671579857
33790,741.4966282440034
33887,718.2753199983281
33792,744.8780973552504
33793,743.2102258431553
33794,743.486043318308
33795,740.7066814689445
33796,738.7845821979016
33797,723.7183762033661
33798,728.4737631804196
33799,730.5478534207555
33800,727.5398979315042
33801,730.9538587599901
33802,729.6022569308628
33803,731.3973590653228
33804,716.6367465506735
33805,717.2594645842203
33806,724.5490276645057
33807,724.2991013963908
33808,750.6866568080502
33809,755.7628504583713
33810,755.6654729872615
33811,758.7182688251704
33812,726.2645658872937
33813,741.1691851045134
33814,740.905869400199
33815,733.5405119749253
33816,715.774013352197
33817,718.259971432176
33818,716.204695110098
33819,723.0998254091
33820,738.2702440650168
33821,776.9129819148895
33822,775.4554942541847
33823,774.182577467934
33824,4195.5943755796325
33825,6508.51192546518
33826,6648.892812797617
33827,6233.336282359159
33828,5652.623289043464
33829,5782.608751888251
33830,5799.7017823810675
33831,5618.913654643712
33832,5121.066013569775
33833,5191.007078178945
33834,5345.529308974026
33835,5428.935802759951
33836,5395.373590431131
33837,5345.70351030122
33838,5337.723855635907
33839,5468.8976435009645
33840,1748.042746560731
33841,1897.4158040480665
33842,1874.4479386321382
33843,1876.043890365513
33844,3689.6445261109866
33845,5257.375364417153
33846,5314.766028204793
33847,5512.035580994275
33848,6099.390633488759
33849,6286.612842126244
33850,6392.533870776476
33851,6391.443509227843
33852,6236.389263996781
33853,6251.805158965602
33854,6348.195508893234
33855,6176.888941039051
33856,6147.932574837376
33857,6187.808688904271
33858,6127.309753196071
33859,6028.421934217254
33860,5347.789913619423
33861,4173.3937220421785
33862,4183.182861986666
33863,4133.121857178328
33864,3578.3343395635643
33865,3999.3901956054765
33866,4124.383851072626
33867,4221.293244707411
33868,3701.570928394549
33869,3196.173184552007
33870,3199.6308555750006
33871,3187.3779367963384
33872,3272.0217537066897
33873,3091.0691215050806
33874,3047.394859127256
33875,2989.230156218707
33876,2010.303944957666
33877,1995.527753479373
33878,1976.3734089183054
33879,1964.7900494227674
33880,972.7604944302374
33881,738.4943681506153
33882,735.3266543058631
33883,742.1838884585563
33884,720.008492368027
33885,728.2654482944238
33886,729.560011542564
33983,715.3088735979095
33888,686.0170091730058
33889,701.1802973632857
33890,694.1857864646355
33891,686.2309116952152
33892,672.3734677771012
33893,683.0238315402431
33894,680.4993915880101
33895,677.3965932531685
33896,670.4464219821209
33897,670.0925074281272
33898,670.7910890717924
33899,674.8517823738241
33900,673.4458481359717
33901,676.3207706535158
33902,678.4889432540764
33903,706.8056559225176
33904,694.7627615007991
33905,704.6567613543467
33906,705.9391913776817
33907,706.347895200737
33908,706.250539150613
33909,719.670663582819
33910,722.8283793650482
33911,718.126430706003
33912,711.0378574701634
33913,723.9699846059416
33914,720.2251287516864
33915,719.4206559701058
33916,730.82835215545
33917,759.4753795501032
33918,760.7990948093468
33919,771.0415799418072
33920,4443.79510475062
33921,7330.63277689347
33922,7485.538809884435
33923,6908.720034809541
33924,7101.675541647109
33925,6989.7220024557155
33926,6884.566874638404
33927,6911.563293842445
33928,5418.634826485723
33929,5737.545716029336
33930,5914.646691031797
33931,6040.458945451717
33932,6034.543389901498
33933,5918.849223385563
33934,5897.1582090960965
33935,5906.535091693173
33936,1811.8319931521296
33937,1915.6236501516955
33938,1886.7752851034938
33939,1892.4270819304902
33940,3821.7522386275746
33941,5099.96336189607
33942,5188.7033753776595
33943,5283.131575367655
33944,5114.00464232717
33945,5129.6041287207745
33946,5185.977281841659
33947,5156.784029677452
33948,4938.131024460514
33949,4945.734209417099
33950,5017.6736561727475
33951,4927.102133341044
33952,5284.34451758584
33953,5385.890993821798
33954,5347.344199601628
33955,5323.779203359612
33956,4579.343409391315
33957,3708.672970906728
33958,3516.354706555645
33959,3525.914179432884
33960,3563.1925565124443
33961,4165.062226852777
33962,4308.626248202391
33963,4410.767010086631
33964,4383.123205854583
33965,4195.177267244042
33966,4110.144656710709
33967,4050.8715357748138
33968,3777.5775291009827
33969,3447.2397749014904
33970,3450.08239164872
33971,3438.925821632529
33972,1950.5285674268455
33973,1916.7404594191416
33974,1879.9625292207156
33975,1876.3467586188528
33976,1027.5084131312153
33977,699.6136214940472
33978,701.2880189170199
33979,701.0077996859428
33980,693.2542139222567
33981,692.2681351529538
33982,684.1241926884148
34079,668.1821500717091
33984,688.647889851993
33985,688.1246057771486
33986,691.8904619688291
33987,693.1423539209219
33988,707.3077888253147
33989,702.9405317117097
33990,700.252095154528
33991,701.8581606542588
33992,689.9158526249345
33993,686.1816858853473
33994,692.3996892000623
33995,694.3985543943995
33996,691.1253039812144
33997,689.5398187931473
33998,688.6638679267245
33999,699.4744436525962
34000,713.2177019129023
34001,713.9159020959377
34002,718.1775509435668
34003,721.1610303505042
34004,716.1409114707726
34005,728.9296067246266
34006,727.6589852084239
34007,723.5842364437078
34008,722.1438506780194
34009,736.4968001239175
34010,738.0814116227914
34011,732.0743873938266
34012,742.2548315119141
34013,786.9657130568471
34014,788.1937012055796
34015,783.4121926923649
34016,4193.349722749182
34017,6374.445013257256
34018,6521.5416455531
34019,6316.038092642056
34020,6165.426267421564
34021,6104.535085124017
34022,5900.689174265081
34023,5914.882536361187
34024,5423.927173808034
34025,5648.501766368799
34026,5681.0545209558895
34027,5653.009065316982
34028,5474.0006138519475
34029,5497.36396507408
34030,5438.654238994437
34031,5432.651956697956
34032,1803.8801514180138
34033,1911.3940300899217
34034,1887.759498153205
34035,1886.1869647246956
34036,3969.051740772012
34037,5058.934263972112
34038,5176.652466692417
34039,5162.648795983625
34040,5328.646321995866
34041,5228.352639242987
34042,5222.306115189866
34043,5235.424639056138
34044,4971.2244002346315
34045,5107.911450599289
34046,5240.9800313423875
34047,5170.78896038983
34048,5323.53350022601
34049,5253.653883475263
34050,5243.2400648695075
34051,5236.210565181738
34052,4607.699718069658
34053,3754.122619967997
34054,3617.2518210099315
34055,3501.905438395787
34056,4134.026068821738
34057,4909.4662404318315
34058,4765.394694979779
34059,4817.748592975296
34060,4750.115475713081
34061,4773.899036769061
34062,4770.70089773586
34063,4752.852364816012
34064,4706.723882617126
34065,4392.885454464536
34066,4224.8853867979815
34067,4121.9444854114945
34068,2007.2763897777868
34069,1972.2795309894045
34070,1946.0196615043901
34071,1914.7037920955238
34072,943.5743569988642
34073,748.1206126183605
34074,739.7655385587918
34075,736.0261274169288
34076,703.6652188572115
34077,708.6409199499891
34078,710.4715680303458
34175,679.8227696806506
34080,806.5186211464201
34081,689.3224040411551
34082,688.1595923242
34083,684.7445230070416
34084,679.6054323782027
34085,664.0659953458406
34086,665.2130564791969
34087,665.5740957386795
34088,672.7885017451922
34089,679.7415154625253
34090,675.5626366639782
34091,677.0118849496237
34092,665.8257376358097
34093,668.1291357829048
34094,665.8652310160783
34095,665.4940291512514
34096,654.208792776046
34097,661.0670954106023
34098,663.3809828862279
34099,676.4014768607799
34100,687.0199034071359
34101,692.287618753862
34102,698.8787302679275
34103,693.180908295382
34104,684.9972844815045
34105,693.7206378854072
34106,693.5688132113409
34107,696.6826226836481
34108,683.4240191663985
34109,721.1354940823003
34110,720.8571283120845
34111,719.3632894853677
34112,1345.3184632058176
34113,1749.6172172749652
34114,1832.1179813901822
34115,1877.1000773405524
34116,1641.8630606579682
34117,1640.8294313467752
34118,1633.0668663849146
34119,1636.2372293197775
34120,1607.169747640443
34121,1620.8107552975828
34122,1611.737481040983
34123,1596.8600813391095
34124,1282.693112168883
34125,1284.3794391187428
34126,1292.9547133740843
34127,1269.6117584418573
34128,1432.2350553457456
34129,1554.751249915934
34130,1555.318435892354
34131,1550.8648488756983
34132,1538.4027026671522
34133,1613.7320712867513
34134,1610.8521364975204
34135,1615.086163711093
34136,1618.4448571273322
34137,1655.7577547866647
34138,1647.1100967743312
34139,1630.9593329781987
34140,1605.0611337170346
34141,1622.1911717546934
34142,1625.9474693327734
34143,1631.5301183416593
34144,1523.2224805603596
34145,1528.8246843672912
34146,1526.5278961931685
34147,1505.1186813885613
34148,1477.058854810687
34149,1554.6165848377002
34150,1529.355062002986
34151,1543.7236412777245
34152,997.8741258905833
34153,1118.5747263243497
34154,1109.3918130945383
34155,1126.6938425985127
34156,1487.042761145691
34157,1516.8774015015813
34158,1535.8642665228715
34159,1545.8123603311844
34160,1515.0590422456164
34161,1516.258250491473
34162,1496.364281245528
34163,1485.7800565548248
34164,1451.674595688309
34165,1489.0370609462989
34166,1485.7327168131671
34167,1497.312582500785
34168,810.189328415771
34169,605.0541168014014
34170,607.793227292809
34171,610.954564387604
34172,631.0288334911302
34173,628.9813967449887
34174,626.374609854592
34271,716.9484991311925
34176,644.4401703910341
34177,643.8423960427116
34178,643.5628335499418
34179,640.0839069064051
34180,623.4561555639349
34181,631.2911694016984
34182,626.6813989669624
34183,625.1322305429281
34184,617.3657407449695
34185,629.2338913812804
34186,627.278182143289
34187,629.8084529620266
34188,621.6073034886473
34189,624.6362275542955
34190,624.6208952997137
34191,626.3940790304151
34192,627.751355894335
34193,631.8661568304293
34194,629.6633835883337
34195,631.3690302095754
34196,640.7494175189162
34197,645.3342526058889
34198,647.635719775593
34199,654.1788137607421
34200,637.6642245441158
34201,639.5719869507867
34202,637.1145160747857
34203,633.7711227500938
34204,636.8535263500323
34205,636.9051621168474
34206,637.4072365012698
34207,644.82827016148
34208,885.9200100397426
34209,982.6992558934288
34210,1054.0423608579333
34211,1096.7346385491242
34212,1476.7201593700265
34213,1551.6929669030274
34214,1545.5123877747096
34215,1527.5477792064487
34216,1291.1196259892254
34217,1341.6400243235296
34218,1341.0768298289631
34219,1333.6262887470834
34220,1240.1759390433162
34221,1253.4068971927811
34222,1250.4111734637052
34223,1251.3187190134934
34224,1290.7261350861645
34225,1400.1917696053324
34226,1415.9334247579925
34227,1412.4083385436586
34228,1387.5831270207589
34229,1457.3812943184312
34230,1453.7105769647774
34231,1445.1887259952061
34232,1396.5664234459985
34233,1402.0623731892974
34234,1409.7079677697918
34235,1415.1384428605922
34236,1369.7980050761962
34237,1396.9868465760956
34238,1412.5152918576239
34239,1433.4726032163044
34240,1479.5853750995534
34241,1562.8003858387456
34242,1581.9991189731907
34243,1579.8564732379307
34244,1386.4928920681837
34245,1433.6396879563192
34246,1422.7147948425095
34247,1423.946141445356
34248,1027.5936523536884
34249,1199.2288642937508
34250,1213.9926612284687
34251,1207.6999842145567
34252,1532.5559366674324
34253,1539.376768719071
34254,1537.723582356482
34255,1538.6106783198388
34256,1627.323071438312
34257,1613.8482685780577
34258,1618.5845380483217
34259,1634.5320929426437
34260,1493.2735664390045
34261,1487.7357204540247
34262,1462.138966884053
34263,1467.1690140784128
34264,885.1571855782839
34265,608.4843047379891
34266,615.7982580536355
34267,612.3804407953476
34268,617.053623420677
34269,626.540127820877
34270,634.6593893188203
34367,677.9910875338436
34272,650.039807049833
34273,656.8956364303067
34274,657.8826920077391
34275,653.9754416267839
34276,660.096851520361
34277,660.7924800139161
34278,656.230213276302
34279,656.5572772551016
34280,654.7339860893244
34281,657.1842469952152
34282,660.0625002060767
34283,659.5315660565933
34284,656.5947538328921
34285,658.8936587603051
34286,666.3863668027027
34287,669.4324132854455
34288,662.1697882055114
34289,670.7446530230927
34290,670.7656101954103
34291,670.5885895064288
34292,662.4567164411607
34293,670.2764747784071
34294,664.0743363450599
34295,662.7997809599856
34296,655.0175520111519
34297,663.7681983350279
34298,664.5016664201684
34299,666.8005196987833
34300,680.2000800357513
34301,727.7505419584579
34302,723.6469777363882
34303,719.3927630883356
34304,3301.816431856384
34305,5441.144575231284
34306,5624.4936216335445
34307,5517.893205547403
34308,5547.019913782007
34309,5539.351997001956
34310,5620.503500165202
34311,5720.609442853352
34312,6099.867965383352
34313,6090.171206987104
34314,6111.049495218493
34315,6208.187310095651
34316,6182.913107990685
34317,6156.591602317188
34318,6108.990755939244
34319,5770.739911512641
34320,1775.2128781969436
34321,1928.3729724828754
34322,1902.1245721176167
34323,1904.105717327366
34324,4046.401088426033
34325,5712.527052143524
34326,5869.252597567998
34327,5874.15157901424
34328,5776.151589080961
34329,5686.427421653013
34330,5664.443713140739
34331,5650.474818848657
34332,5302.871603355391
34333,5289.813729096095
34334,5368.003288938936
34335,5354.437959300199
34336,4988.1602193528915
34337,4983.988544807344
34338,5010.1292138289755
34339,5016.742969547981
34340,4638.15326436407
34341,3859.0607805327486
34342,3671.0657711684594
34343,3570.7030869138825
34344,4108.152154185014
34345,4587.540462388597
34346,4729.078718729816
34347,4734.440807251109
34348,4740.9448950886635
34349,4803.273832013171
34350,4746.605790912868
34351,4762.079762045639
34352,4307.213265469736
34353,3419.4737162211236
34354,3480.475734998163
34355,3471.430795266574
34356,1925.5021093369041
34357,1904.6935566105833
34358,1856.8158540934562
34359,1840.9413712381727
34360,978.2667075259296
34361,678.1231851719994
34362,678.4361823308997
34363,675.2595830665794
34364,685.8660098600782
34365,683.4580844880066
34366,672.9206517226073
34463,666.4268588602541
34368,662.0321669074361
34369,652.7396683130225
34370,653.437510062913
34371,653.1973540665273
34372,661.5177030465167
34373,660.5706717871205
34374,662.0018175545821
34375,656.9746826221998
34376,652.1425472484868
34377,652.717981601664
34378,653.2574627431543
34379,657.5856229299856
34380,648.6094495674238
34381,651.8510829031471
34382,651.507624832496
34383,664.020103357793
34384,677.2537238820378
34385,686.3185247878653
34386,685.5778144678065
34387,684.9382820710192
34388,681.7521580852259
34389,697.4704834759876
34390,696.7131530773139
34391,702.6687665998247
34392,680.5310892055072
34393,688.9011089590945
34394,691.9839753211356
34395,695.7375169017199
34396,691.942927333129
34397,724.5559148109056
34398,722.624473814946
34399,723.2652445744113
34400,1386.3923697947014
34401,1933.4393472917775
34402,2026.769660297258
34403,2211.4281155945864
34404,1637.6984484186305
34405,1577.5460369159682
34406,1573.7633016733782
34407,1594.3766857420849
34408,1558.959320641195
34409,1578.9187136093606
34410,1574.059647352434
34411,1556.3270806568485
34412,1336.7976883570977
34413,1355.283645259929
34414,1354.560970884342
34415,1384.4435024775973
34416,1370.0089684261197
34417,1523.7932822860585
34418,1525.1741884058063
34419,1526.5068896323098
34420,1556.994806370294
34421,1640.7790829357207
34422,1644.1041231165045
34423,1645.0082234242186
34424,1608.8261596117156
34425,1619.2952338897028
34426,1609.2625334705717
34427,1598.7533630495425
34428,1540.0332225831758
34429,1534.67113890397
34430,1544.0859712832203
34431,1541.9567985522917
34432,1598.9899170664341
34433,1580.7137308741037
34434,1597.1992943159457
34435,1593.6011331565855
34436,1461.8448967898337
34437,1486.101603110981
34438,1498.3541853606027
34439,1480.222849649769
34440,1149.227440573732
34441,1304.9114971998692
34442,1302.619179832588
34443,1309.6746493328556
34444,1423.1362813698245
34445,1455.6246016321813
34446,1446.4933822865428
34447,1452.9685970541002
34448,1531.0440948491714
34449,1511.181227803863
34450,1505.3233897387959
34451,1508.7977131933892
34452,1261.2313579282925
34453,1310.399256510873
34454,1313.6423229791742
34455,1320.330232979126
34456,830.7848738826658
34457,678.1228756749196
34458,679.4887097569264
34459,678.8643201404282
34460,659.2768047220787
34461,662.1495727378
34462,663.5421874331258
34559,670.2096111691833
34464,667.1292808698565
34465,669.4840780044423
34466,671.0307201843806
34467,672.2742399717318
34468,683.4275318530474
34469,684.3595089749897
34470,685.0031833893595
34471,687.061917762145
34472,679.2368029452118
34473,684.3581436525187
34474,682.458690086022
34475,677.0364352551143
34476,663.705166118779
34477,688.3343086912248
34478,692.7912745720922
34479,692.0187566822761
34480,676.4487435664054
34481,705.4799843618036
34482,703.5263474639249
34483,702.1444522227938
34484,708.9469474918367
34485,713.917793900555
34486,711.8715043378779
34487,709.8721365311195
34488,692.3101358459742
34489,707.6639238268898
34490,714.3059490487251
34491,705.9814964144836
34492,721.6390920228741
34493,765.7451984074575
34494,794.7316770998177
34495,806.8373207810348
34496,4235.450592439726
34497,6618.094018598978
34498,6888.254991522014
34499,6423.413792172138
34500,6194.963194417776
34501,6304.294640893048
34502,6225.210584851809
34503,6022.166336618338
34504,6124.1288937535
34505,6162.919460264532
34506,6217.4503273936
34507,6182.9718334436375
34508,6297.12497640615
34509,6172.684021356871
34510,5942.03596046718
34511,5999.054842450675
34512,1784.483138556868
34513,2008.6956018735873
34514,1975.4966956043174
34515,1989.7295882574635
34516,4383.120976699645
34517,5785.072018766656
34518,5776.390369483875
34519,5897.275244741034
34520,5594.331724630723
34521,5656.306297910862
34522,5667.592545660094
34523,5671.199166776083
34524,5394.513283126867
34525,5395.82806348565
34526,5409.012826570447
34527,5324.880325609352
34528,5199.125913883035
34529,5252.666498168303
34530,5209.949552296889
34531,5216.073775427224
34532,5000.546022746428
34533,4260.972620762429
34534,4151.177158093923
34535,4079.09972268634
34536,4035.8685747019636
34537,4590.7380477489505
34538,4348.0813575332995
34539,4406.436440362434
34540,4337.182825039526
34541,4177.764693192816
34542,4038.0458187667455
34543,3786.0160706022116
34544,3657.638171623001
34545,3044.536137626733
34546,3063.6671050234168
34547,2986.556255961174
34548,1936.0254846410185
34549,1975.3299831428908
34550,1947.7942883667517
34551,1938.3936705366477
34552,966.9067918911841
34553,694.6441402102314
34554,689.1197599160149
34555,692.4649702113375
34556,659.3681248666335
34557,671.2818096737423
34558,661.6777229023841
34655,675.3503800914663
34560,705.0316292295504
34561,667.881530152057
34562,666.4970042972523
34563,665.670227052048
34564,667.0118423572172
34565,670.1469754292797
34566,671.8012627985162
34567,675.2048295984605
34568,666.2834825337466
34569,670.0981109889279
34570,667.483176680054
34571,669.2868203021774
34572,672.7458996544688
34573,682.697677303264
34574,679.8292083160676
34575,694.8677691705665
34576,696.7591321005623
34577,711.2506128152221
34578,709.3269871500154
34579,709.69224082446
34580,712.3500963833452
34581,718.0778105601488
34582,716.5987561099132
34583,724.8433594548571
34584,694.586113196873
34585,712.4651851890882
34586,709.7153426347016
34587,706.8950822742935
34588,733.0038329767996
34589,808.9418807349638
34590,819.3126832916323
34591,830.2847760106963
34592,4756.406526414317
34593,7255.973470705931
34594,7195.680841226908
34595,6952.315820840154
34596,6671.764796978783
34597,6603.26067414638
34598,6623.929123158128
34599,6582.020991103634
34600,6771.637807395633
34601,6766.996429530253
34602,6635.485062842385
34603,6490.784225223678
34604,5997.859510435296
34605,5862.66791644845
34606,5847.111699631036
34607,5891.999602300046
34608,1767.7394169463912
34609,1911.0377886171852
34610,1894.2632312529595
34611,1902.7699581279505
34612,4285.569236428491
34613,5530.2674208615335
34614,5613.099162320209
34615,5664.434915990531
34616,5202.710259190356
34617,4963.0109113371755
34618,4942.6180235365655
34619,4955.854826145401
34620,4755.515491542594
34621,4811.862963608727
34622,4926.527686557449
34623,4860.603899667379
34624,4511.989004374623
34625,4490.10761089231
34626,4543.781127005232
34627,4545.7798488949675
34628,4297.064056042772
34629,3610.6185414650745
34630,3392.9953989986734
34631,3366.8313336048914
34632,4004.584019576612
34633,4768.532460229974
34634,4914.644859013128
34635,4874.130026754465
34636,4703.973933602861
34637,4301.573852093581
34638,4248.927273310113
34639,4128.243593137026
34640,3927.3289332949903
34641,3532.7812780555923
34642,3517.546440005037
34643,3523.640312678935
34644,2078.2268186149004
34645,2009.4411997660752
34646,1996.4145152241513
34647,1999.375577244105
34648,954.860073040735
34649,732.7176916808088
34650,736.6473367129873
34651,734.1543069902275
34652,730.8241546478562
34653,716.6730535721525
34654,722.6441028924319
34751,695.3813332582138
34656,672.0078546934664
34657,700.911139885572
34658,704.1615204498389
34659,703.7505840244181
34660,816.9215879539656
34661,860.1086282805032
34662,858.8156679458486
34663,856.4734702859902
34664,861.2317364289347
34665,860.5707173520004
34666,853.258785844056
34667,856.507691993707
34668,886.2374153228802
34669,881.5297118215522
34670,898.9292169203211
34671,929.2783637011253
34672,945.4848777049291
34673,943.6635428771453
34674,945.0214408879353
34675,941.767847925121
34676,949.1688579077062
34677,952.122483627296
34678,947.9708338478274
34679,945.0775105733339
34680,920.1960093009307
34681,922.1806547280648
34682,926.5053819373967
34683,915.0562977417621
34684,953.757212501309
34685,969.972981945848
34686,968.664458014555
34687,969.306184068532
34688,4500.341152805983
34689,6215.347747364428
34690,6306.259883824113
34691,6391.259734575156
34692,5970.270328100442
34693,5817.5528184915365
34694,5771.05190137821
34695,5732.213931163161
34696,5351.58614750675
34697,5462.772313556333
34698,5415.0663106795455
34699,5354.660607782514
34700,5190.492460249559
34701,5256.0276581334865
34702,5247.6768899817935
34703,5131.424238354859
34704,1914.069860868787
34705,2038.1960890015669
34706,2018.4932533051935
34707,2019.44397972627
34708,3772.177741355476
34709,5026.603514409742
34710,5184.122835944696
34711,5260.774438558446
34712,5227.45187697106
34713,5252.055273389262
34714,5236.296840060491
34715,5205.4436007840295
34716,5317.2847009754305
34717,5226.621096302737
34718,5204.359409629646
34719,5078.730090384485
34720,5268.489963259087
34721,5234.230005097218
34722,5318.421614251269
34723,5324.324271236841
34724,4624.178204137987
34725,3667.8278073456154
34726,3749.006635100051
34727,3657.73346581077
34728,3983.6781082081143
34729,4704.852691406134
34730,4559.772262491749
34731,4639.687340782447
34732,4413.360765270097
34733,4010.2016834988485
34734,3930.4943233280405
34735,3930.900045776034
34736,3827.9536816656214
34737,3509.2307670299515
34738,3511.024848640542
34739,3398.104957561056
34740,1965.7819270953692
34741,1946.0833471118028
34742,1928.7967224439408
34743,1908.3927192846688
34744,931.0401496109267
34745,698.2844889683206
34746,696.3773985851362
34747,698.9518159355525
34748,686.7104193342477
34749,676.3797087754788
34750,671.9966419617201
34847,645.1803953840441
34752,737.6566494071965
34753,671.2640715311126
34754,670.6370044320249
34755,670.2254167294697
34756,657.5051092875473
34757,661.3810389445878
34758,662.3044321894433
34759,658.6587122246468
34760,661.5606353771218
34761,662.4672446466234
34762,659.255567811232
34763,661.7468026039381
34764,638.1424330518666
34765,644.1838462058957
34766,639.360504987561
34767,648.2378596603819
34768,677.9832365879579
34769,687.8900049048873
34770,687.081018930608
34771,686.8676111482334
34772,670.5428408312911
34773,676.255624329472
34774,676.3306993508018
34775,670.2711264691364
34776,662.359997704427
34777,670.1180690318726
34778,672.3927387553492
34779,680.358905604838
34780,685.4481644635216
34781,701.4299429647959
34782,697.8274205922829
34783,698.573049983409
34784,1547.9273470285384
34785,1975.0692618818189
34786,1938.9910628221833
34787,1971.831890201575
34788,1674.6814370388904
34789,1644.5530563311747
34790,1626.6336156226623
34791,1620.2056515891463
34792,1505.524332902653
34793,1563.8224125627496
34794,1585.2212300244507
34795,1587.328304237972
34796,1365.2624234572
34797,1424.7977566997124
34798,1429.377744592757
34799,1422.4418736010489
34800,1491.476071153575
34801,1542.3279266808206
34802,1546.6562600467573
34803,1545.6137188370487
34804,1640.7773405216406
34805,1664.2506988124221
34806,1661.435682492441
34807,1657.2456610310958
34808,1685.7826867162512
34809,1670.972767943243
34810,1644.3210240229387
34811,1628.0750903622006
34812,1613.342854327055
34813,1607.5088134066184
34814,1609.6989413799456
34815,1610.782616134215
34816,1558.7435889199314
34817,1612.8979317910973
34818,1616.381583199082
34819,1621.5477540609431
34820,1483.3808113138048
34821,1553.5979324507991
34822,1545.6772437525829
34823,1542.0172595322886
34824,958.9301322785086
34825,1131.5903922674613
34826,1135.1325421835616
34827,1144.149437294747
34828,1464.3965364709234
34829,1520.6504072429952
34830,1502.8113051303233
34831,1517.3599073686307
34832,1545.6430337408922
34833,1523.9762258184826
34834,1527.618537062515
34835,1538.4615529203427
34836,1509.7220452030979
34837,1522.6875840849916
34838,1528.9508970306347
34839,1535.3350477465613
34840,820.2613636562285
34841,597.9518973105442
34842,597.9518973105442
34843,597.9518973105442
34844,597.9518973105442
34845,597.9518973105442
34846,597.9518973105442
34943,665.217551371246
34848,631.2152125403248
34849,617.3827417082675
34850,616.3450885546615
34851,617.0560048228971
34852,609.299724120578
34853,612.1236659987632
34854,608.9454101718519
34855,611.1950753824724
34856,616.6281202889918
34857,616.3438444576545
34858,617.8942205637439
34859,619.1736863148378
34860,607.736464851363
34861,610.434982781444
34862,609.317294163938
34863,609.4375173879973
34864,601.1895207599035
34865,602.7437228742926
34866,605.0411165828751
34867,605.4377739841607
34868,621.1601971667415
34869,629.1561877422998
34870,630.2534972514145
34871,642.1914163118739
34872,619.5868087105422
34873,622.2507369439895
34874,623.3859110889806
34875,621.6175344904918
34876,615.582161995792
34877,636.3855880766346
34878,635.3464950263743
34879,631.6025731892199
34880,874.8428836586522
34881,956.5722517823837
34882,999.4619563494977
34883,1018.3820712998519
34884,1467.430895677767
34885,1535.2195274726548
34886,1527.4777133871391
34887,1528.0253856125814
34888,1326.455397626708
34889,1398.4347273670453
34890,1401.1195867011907
34891,1398.3996460702256
34892,1269.7270238875044
34893,1334.7856137125457
34894,1334.5103561160533
34895,1325.677475799288
34896,1413.5700328047847
34897,1482.926359140355
34898,1479.5016655195154
34899,1493.14252040641
34900,1447.303119660678
34901,1480.4646527174684
34902,1447.7192643364547
34903,1443.1426530844233
34904,1388.3956755738277
34905,1416.6813915563434
34906,1449.30318775578
34907,1462.9769656651326
34908,1404.0804086813541
34909,1474.1220271061345
34910,1476.2834325837323
34911,1507.8276142569712
34912,1540.3763549331643
34913,1557.23891556357
34914,1558.3519009091276
34915,1566.9025656503004
34916,1396.50765141405
34917,1466.4802033920014
34918,1481.5017076613083
34919,1484.5847681464463
34920,998.9191041180555
34921,1184.2270401989474
34922,1178.949792772722
34923,1157.6471369571727
34924,1482.1545705326462
34925,1487.9902518842068
34926,1488.2947678919218
34927,1488.5082632938968
34928,1539.4616907309874
34929,1523.7048396284854
34930,1535.3734491285868
34931,1539.7836536715238
34932,1484.0651426065172
34933,1482.2050978960199
34934,1492.3748722431258
34935,1506.0526668103867
34936,902.8999303002436
34937,621.2970005716161
34938,616.9814708601208
34939,619.3380131263239
34940,623.631314621604
34941,664.7152704083583
34942,665.0437357063132
35039,677.8332875760101
34944,655.3751455857928
34945,652.5416083309258
34946,656.4988972438402
34947,650.0554994608639
34948,659.7823652063071
34949,658.4253457259463
34950,654.8643632678738
34951,653.1203358493891
34952,657.6561382216663
34953,653.9980738386535
34954,653.8208576803819
34955,647.0812745566416
34956,643.9500855624475
34957,646.9139814821025
34958,647.1319320611666
34959,652.4961065909736
34960,654.7382095056341
34961,667.379880793795
34962,668.5339886519945
34963,669.6520355688845
34964,670.8392133624211
34965,669.6850580972626
34966,669.6615094118323
34967,646.6809584418854
34968,623.4360069096143
34969,638.0958849046161
34970,635.6675765816445
34971,633.4160502774065
34972,623.8082505069381
34973,692.0467729704403
34974,708.9741907785809
34975,734.7977675620239
34976,1696.0964443688022
34977,2454.033523994982
34978,2964.7171913588245
34979,2946.2137477743554
34980,2212.046390635606
34981,2021.4521286152162
34982,2023.6511893696068
34983,2015.7527820427222
34984,1492.1409104373863
34985,1515.9307870563573
34986,1509.8675268133002
34987,1510.9234355607375
34988,1369.228572503776
34989,1379.3969229945408
34990,1361.041749903525
34991,1362.7318636959635
34992,1465.3108843735592
34993,1619.4755234297781
34994,1621.0290111119086
34995,1617.3362003243653
34996,1568.8154926528111
34997,1620.560885752083
34998,1622.1755885489406
34999,1621.4533545076383
35000,1534.394410271215
35001,1526.193726523717
35002,1516.8905240373463
35003,1516.9965236966327
35004,1488.9953431425595
35005,1523.921397227742
35006,1514.598631271883
35007,1510.4935445403466
35008,1587.400492758841
35009,1626.9325951542246
35010,1637.1874662101986
35011,1628.1968693506155
35012,1514.1261022136903
35013,1550.6591391831953
35014,1547.5593906837908
35015,1561.4229525175415
35016,1127.247039106942
35017,1312.1029121548793
35018,1254.703335385798
35019,1249.5012785818328
35020,1529.6652475158016
35021,1586.2938298830225
35022,1595.4812224464577
35023,1607.2467081417826
35024,1658.8510250722643
35025,1604.4643706486086
35026,1616.6902670638167
35027,1597.1711222470435
35028,1569.846610390372
35029,1574.7371416949768
35030,1589.8004428966863
35031,1597.7524744890786
35032,850.850097358663
35033,679.5186362295586
35034,675.3537299005803
35035,671.6319422624
35036,681.8794880017374
35037,678.8503800674398
35038,678.4475199305152
